{
    "HAPI": "2.0",
    "status": {
        "code": 1200,
        "message": "OK request successful"
    },
    "parameters": [
        {
            "length": 24,
            "name": "Time",
            "type": "isotime",
            "units": "UTC",
            "fill": null
        },
	{"name": "SME", "type": "double", "units": "nT", "fill": "999999.0"},
	{"name": "SML", "type": "double", "units": "nT", "fill": "999999.0"},
	{"name": "SMLmlat", "type": "double", "units": "degrees", "fill": "999999.0"},
	{"name": "SMLmlt", "type": "double", "units": "degrees", "fill": "999999.0"},
	{"name": "SMLglat", "type": "double", "units": "degrees", "fill": "999999.0"},
	{"name": "SMLglon", "type": "double", "units": "degrees", "fill": "999999.0"},
	{"name": "SMLstid", "type": "string", "units": null, "length": 3, "fill": "n/a"},
	{"name": "SMU", "type": "double", "units": "nT", "fill": "999999.0"},
	{"name": "SMUmlat", "type": "double", "units": "degrees", "fill": "999999.0"},
	{"name": "SMUmlt", "type": "double", "units": "degrees", "fill": "999999.0"},
	{"name": "SMUglat", "type": "double", "units": "degrees", "fill": "999999.0"},
	{"name": "SMUglon", "type": "double", "units": "degrees", "fill": "999999.0"},
	{"name": "SMUstid", "type": "string", "units": null, "length": 3, "fill": "n/a"},
	{"name": "NUM", "type": "double", "units": "nT", "fill": "999999.0"},
	{"name": "SMEs", "type": "double", "units": "nT", "fill": "999999.0"},
	{"name": "SMLs", "type": "double", "units": "nT", "fill": "999999.0"},
	{"name": "SMLsmlat", "type": "double", "units": "degrees", "fill": "999999.0"},
	{"name": "SMLsmlt", "type": "double", "units": "degrees", "fill": "999999.0"},
	{"name": "SMLsglat", "type": "double", "units": "degrees", "fill": "999999.0"},
	{"name": "SMLsglon", "type": "double", "units": "degrees", "fill": "999999.0"},
	{"name": "SMLsstid", "type": "string", "units": null, "length": 3, "fill": "n/a"},
	{"name": "SMUs", "type": "double", "units": "nT", "fill": "999999.0"},
	{"name": "SMUsmlat", "type": "double", "units": "degrees", "fill": "999999.0"},
	{"name": "SMUsmlt", "type": "double", "units": "degrees", "fill": "999999.0"},
	{"name": "SMUsglat", "type": "double", "units": "degrees", "fill": "999999.0"},
	{"name": "SMUsglon", "type": "double", "units": "degrees", "fill": "999999.0"},
	{"name": "SMUsstid", "type": "string", "units": null, "length": 3, "fill": "n/a"},
	{"name": "NUMs", "type": "double", "units": "nT", "fill": "999999.0"},
	{"name": "SMEd", "type": "double", "units": "nT", "fill": "999999.0"},
	{"name": "SMLd", "type": "double", "units": "nT", "fill": "999999.0"},
	{"name": "SMLdmlat", "type": "double", "units": "degrees", "fill": "999999.0"},
	{"name": "SMLdmlt", "type": "double", "units": "degrees", "fill": "999999.0"},
	{"name": "SMLdglat", "type": "double", "units": "degrees", "fill": "999999.0"},
	{"name": "SMLdglon", "type": "double", "units": "degrees", "fill": "999999.0"},
	{"name": "SMLdstid", "type": "string", "units": null, "length": 3, "fill": "n/a"},
	{"name": "SMUd", "type": "double", "units": "nT", "fill": "999999.0"},
	{"name": "SMUdmlat", "type": "double", "units": "degrees", "fill": "999999.0"},
	{"name": "SMUdmlt", "type": "double", "units": "degrees", "fill": "999999.0"},
	{"name": "SMUdglat", "type": "double", "units": "degrees", "fill": "999999.0"},
	{"name": "SMUdglon", "type": "double", "units": "degrees", "fill": "999999.0"},
	{"name": "SMUdstid", "type": "string", "units": null, "length": 3, "fill": "n/a"},
	{"name": "NUMd", "type": "double", "units": "nT", "fill": "999999.0"},
	{"name": "SMEr", "type": "double", "units": "nT", "size": [24], "fill": "999999.0"},
	{"name": "SMLr", "type": "double", "units": "nT", "size": [24], "fill": "999999.0"},
	{"name": "SMLrmlat", "type": "double", "units": "degrees", "size": [24], "fill": "999999.0"},
	{"name": "SMLrmlt", "type": "double", "units": "degrees", "size": [24], "fill": "999999.0"},
	{"name": "SMLrglat", "type": "double", "units": "degrees", "size": [24], "fill": "999999.0"},
	{"name": "SMLrglon", "type": "double", "units": "degrees", "size": [24], "fill": "999999.0"},
	{"name": "SMLrstid", "type": "string", "units": null, "length": 3, "size": [24], "fill": "n/a"},
	{"name": "SMUr", "type": "double", "units": "nT", "size": [24], "fill": "999999.0"},
	{"name": "SMUrmlat", "type": "double", "units": "degrees", "size": [24], "fill": "999999.0"},
	{"name": "SMUrmlt", "type": "double", "units": "degrees", "size": [24], "fill": "999999.0"},
	{"name": "SMUrglat", "type": "double", "units": "degrees", "size": [24], "fill": "999999.0"},
	{"name": "SMUrglon", "type": "double", "units": "degrees", "size": [24], "fill": "999999.0"},
	{"name": "SMUrstid", "type": "string", "units": null, "length": 3, "size": [24], "fill": "n/a"},
	{"name": "NUMr", "type": "double", "units": "nT", "size": [24], "fill": "999999.0"},
	{"name": "smr", "type": "double", "units": "nT", "fill": "999999.0"},
	{"name": "smrnum", "type": "double", "units": "nT", "fill": "999999.0"},
	{"name": "ltnum", "type": "double", "units": "nT", "size": [4], "fill": "999999.0"},
	{"name": "bgse", "type": "double", "units": "nT", "size": [3], "fill": "999999.0"},
	{"name": "bgsm", "type": "double", "units": "nT", "size": [3], "fill": "999999.0"},
	{"name": "vgse", "type": "double", "units": "nT", "size": [3], "fill": "999999.0"},
	{"name": "vgsm", "type": "double", "units": "nT", "size": [3], "fill": "999999.0"},
	{"name": "clockgse", "type": "double", "units": "degrees", "fill": "999999.0"},
	{"name": "clockgsm", "type": "double", "units": "degrees", "fill": "999999.0"},
	{"name": "density", "type": "double", "units": "mA/cm^2", "fill": "999999.0"},
	{"name": "pdyn", "type": "double", "units": "mA/cm^2", "fill": "999999.0"},
	{"name": "epsilon", "type": "double", "units": "GW", "fill": "999999.0"},
	{"name": "newell", "type": "double", "units": "Wb/s", "fill": "999999.0"}
    ],
    "startDate": "1975-01-01T00:00Z",
    "stopDate": "lastday-P1D",
    "sampleStartDate": "2018-01-18T00:00Z",
    "sampleStopDate": "2018-01-19T00:00Z",
    "cadence": "PT1M"
}
