{
    "HAPI": "2.0",
    "status": {
        "code": 1200,
        "message": "OK request successful"
    },
    "parameters": [
        {
            "length": 24,
            "name": "Time",
            "type": "isotime",
            "fill": null,            
            "units": "UTC"
        },
       {"name": "BGSE", "type": "double", "units": "nT", "size": [3], "fill": "999999.0"},
        {"name": "BGSM", "type": "double", "units": "nT", "size": [3], "fill": "999999.0"},
        {"name": "VGSE", "type": "double", "units": "nT", "size": [3], "fill": "999999.0"},
        {"name": "VGSM", "type": "double", "units": "nT", "size": [3], "fill": "999999.0"}

    ],
    "startDate": "1975-01-01T00:00Z",
    "stopDate": "lastday-P1D",
    "sampleStartDate": "2018-01-18T00:00Z",
    "sampleStopDate": "2018-01-19T00:00Z",
    "cadence": "PT1M"
}
