{
    "HAPI": "2.0",
    "status": {
        "code": 1200,
        "message": "OK request successful"
    },
    "parameters": [
        {
            "length": 24,
            "name": "Time",
            "type": "isotime",
            "units": "UTC",
            "fill": null
        },
	{"name": "SMEs", "type": "double", "units": "nT", "fill": "999999.0"},
	{"name": "SMLs", "type": "double", "units": "nT", "fill": "999999.0"},
	{"name": "SMLsmlat", "type": "double", "units": "degrees", "fill": "999999.0"},
	{"name": "SMLsmlt", "type": "double", "units": "degrees", "fill": "999999.0"},
	{"name": "SMLsglat", "type": "double", "units": "degrees", "fill": "999999.0"},
	{"name": "SMLsglon", "type": "double", "units": "degrees", "fill": "999999.0"},
	{"name": "SMLsstid", "type": "string", "units": null, "length": 3, "fill": "n/a"},
	{"name": "SMUs", "type": "double", "units": "nT", "fill": "999999.0"},
	{"name": "SMUsmlat", "type": "double", "units": "degrees", "fill": "999999.0"},
	{"name": "SMUsmlt", "type": "double", "units": "degrees", "fill": "999999.0"},
	{"name": "SMUsglat", "type": "double", "units": "degrees", "fill": "999999.0"},
	{"name": "SMUsglon", "type": "double", "units": "degrees", "fill": "999999.0"},
	{"name": "SMUsstid", "type": "string", "units": null, "length": 3, "fill": "n/a"},
	{"name": "NUMs", "type": "double", "units": "nT", "fill": "999999.0"}
    ],
    "startDate": "1975-01-01T00:00Z",
    "stopDate": "lastday-P1D",
    "sampleStartDate": "2018-01-18T00:00Z",
    "sampleStopDate": "2018-01-19T00:00Z",
    "cadence": "PT1M"
}
