{
    "HAPI": "3.2",
    "status": {
        "code": 1200,
        "message": "OK request successful"
    },
    "parameters": [
        {
            "length": 24,
            "name": "Time",
            "type": "isotime",
            "fill": null,            
            "units": "UTC"
        },
	{"name": "bgse", "type": "double", "units": "nT", "size": [3], "fill": "999999.0", "desc": "Solar Wind B field (GSE)"},
	{"name": "bgsm", "type": "double", "units": "nT", "size": [3], "fill": "999999.0", "desc": "Solar Wind B field (GSM)"},
	{"name": "vgse", "type": "double", "units": "nT", "size": [3], "fill": "999999.0", "desc": "Solar WInd V (GSE)"},
	{"name": "vgsm", "type": "double", "units": "nT", "size": [3], "fill": "999999.0", "desc": "Solar Wind V (GSM)"}
    ],
    "startDate": "1975-01-01T00:00Z",
    "stopDate": "lastday-P1D",
    "sampleStartDate": "2018-01-18T00:00Z",
    "sampleStopDate": "2018-01-19T00:00Z",
    "cadence": "PT1M",
    "citation": "https://supermag.jhuapl.edu/info/?page=rulesoftheroad",
    "description": "The SuperMAG data processing technique, J. W. Gjerloev, https://doi.org/10.1029/2012JA017683\n  This data taken from the Python API, https://supermag.jhuapl.edu/mag/?tab=api&fidelity=low"
}
