{
    "HAPI": "2.0",
    "status": {
        "code": 1200,
        "message": "OK request successful"
    },
    "parameters": [
        {
            "length": 24,
            "name": "Time",
            "type": "isotime",
            "units": "UTC",
            "fill": null
        },
	{"name": "SMEd", "type": "double", "units": "nT", "fill": "999999.0"},
	{"name": "SMLd", "type": "double", "units": "nT", "fill": "999999.0"},
	{"name": "SMLdmlat", "type": "double", "units": "degrees", "fill": "999999.0"},
	{"name": "SMLdmlt", "type": "double", "units": "degrees", "fill": "999999.0"},
	{"name": "SMLdglat", "type": "double", "units": "degrees", "fill": "999999.0"},
	{"name": "SMLdglon", "type": "double", "units": "degrees", "fill": "999999.0"},
	{"name": "SMLdstid", "type": "string", "units": null, "length": 3, "fill": "n/a"},
	{"name": "SMUd", "type": "double", "units": "nT", "fill": "999999.0"},
	{"name": "SMUdmlat", "type": "double", "units": "degrees", "fill": "999999.0"},
	{"name": "SMUdmlt", "type": "double", "units": "degrees", "fill": "999999.0"},
	{"name": "SMUdglat", "type": "double", "units": "degrees", "fill": "999999.0"},
	{"name": "SMUdglon", "type": "double", "units": "degrees", "fill": "999999.0"},
	{"name": "SMUdstid", "type": "string", "units": null, "length": 3, "fill": "n/a"},
	{"name": "NUMd", "type": "double", "units": "nT", "fill": "999999.0"}
    ],
    "startDate": "1975-01-01T00:00Z",
    "stopDate": "lastday-P1D",
    "sampleStartDate": "2018-01-18T00:00Z",
    "sampleStopDate": "2018-01-19T00:00Z",
    "cadence": "PT1M"
}
