{
    "HAPI": "3.2",
    "status": {
        "code": 1200,
        "message": "OK request successful"
    },
    "parameters": [
        {
            "length": 24,
            "name": "Time",
            "type": "isotime",
            "units": "UTC",
            "fill": null
        },
	{"name": "SME", "type": "double", "units": "nT", "fill": "999999.0", "desc": "SME indice"},
	{"name": "SML", "type": "double", "units": "nT", "fill": "999999.0", "desc": "SML indice"},
	{"name": "SMLmlat", "type": "double", "units": "degrees", "fill": "999999.0", "desc": "SML magnetic latitude"},
	{"name": "SMLmlt", "type": "double", "units": "degrees", "fill": "999999.0", "desc": "SML magnetic longitude"},
	{"name": "SMLglat", "type": "double", "units": "degrees", "fill": "999999.0", "desc": "SML geographic latitude"},
	{"name": "SMLglon", "type": "double", "units": "degrees", "fill": "999999.0", "desc": "SML geographic longitude"},
	{"name": "SMLstid", "type": "string", "units": null, "length": 3, "fill": "n/a", "desc": "IAGA station codes of the stations used to compute the SML indices"},
	{"name": "SMU", "type": "double", "units": "nT", "fill": "999999.0", "desc": "SMU indice"},
	{"name": "SMUmlat", "type": "double", "units": "degrees", "fill": "999999.0", "desc": "SMU magnetic latitude"},
	{"name": "SMUmlt", "type": "double", "units": "degrees", "fill": "999999.0", "desc": "SMU magnetic longitude"},
	{"name": "SMUglat", "type": "double", "units": "degrees", "fill": "999999.0", "desc": "SMU geographic latitude"},
	{"name": "SMUglon", "type": "double", "units": "degrees", "fill": "999999.0", "desc": "SMU geographic longitude"},
	{"name": "SMUstid", "type": "string", "units": null, "length": 3, "fill": "n/a", "desc": "IAGA station codes of the stations used to compute the SMU indices"},
	{"name": "NUM", "type": "double", "units": "nT", "fill": "999999.0", "desc": "Number of stations used to compute the SME indices"},
	{"name": "SMEs", "type": "double", "units": "nT", "fill": "999999.0", "desc": "Sunlit SME indice"},
	{"name": "SMLs", "type": "double", "units": "nT", "fill": "999999.0", "desc": "Sunlit SML indice"},
	{"name": "SMLsmlat", "type": "double", "units": "degrees", "fill": "999999.0", "desc": "SMU Sunlit indice magnetic latitude"},
	{"name": "SMLsmlt", "type": "double", "units": "degrees", "fill": "999999.0", "desc": "SMU Sunlit indice magnetic longitude"},
	{"name": "SMLsglat", "type": "double", "units": "degrees", "fill": "999999.0", "desc": "SMU Sunlit indice geographic latitude"},
	{"name": "SMLsglon", "type": "double", "units": "degrees", "fill": "999999.0", "desc": "SMU Sunlit indice geographic longitude"},
	{"name": "SMLsstid", "type": "string", "units": null, "length": 3, "fill": "n/a", "desc": "IAGA station codes of the stations used to compute the SML Sunlit indice"},
	{"name": "SMUs", "type": "double", "units": "nT", "fill": "999999.0", "desc": "SMU Sunlit indice"},
	{"name": "SMUsmlat", "type": "double", "units": "degrees", "fill": "999999.0", "desc": "SMU Sunlit indice magnetic latitude"},
	{"name": "SMUsmlt", "type": "double", "units": "degrees", "fill": "999999.0", "desc": "SMU Sunlit indice magnetic longitude"},
	{"name": "SMUsglat", "type": "double", "units": "degrees", "fill": "999999.0", "desc": "SMU Sunlit indice geographic latitude"},
	{"name": "SMUsglon", "type": "double", "units": "degrees", "fill": "999999.0", "desc": "SMU Sunlight indice geographic longitude"},
	{"name": "SMUsstid", "type": "string", "units": null, "length": 3, "fill": "n/a", "desc": "IAGA station codes of the stations used to compute the SMU Sunlit indice"},
	{"name": "NUMs", "type": "double", "units": "nT", "fill": "999999.0", "desc": "Number of stations used to compute the Sunlit SME indices"},
	{"name": "SMEd", "type": "double", "units": "nT", "fill": "999999.0", "desc": "SME Dark indice"},
	{"name": "SMLd", "type": "double", "units": "nT", "fill": "999999.0", "desc": "SML Dark indice"},
	{"name": "SMLdmlat", "type": "double", "units": "degrees", "fill": "999999.0", "desc": "SML Dark indice magnetic latitude"},
	{"name": "SMLdmlt", "type": "double", "units": "degrees", "fill": "999999.0", "desc": "SML Dark indice magnetic longitude"},
	{"name": "SMLdglat", "type": "double", "units": "degrees", "fill": "999999.0", "desc": "SML Dark indice geographic latitude"},
	{"name": "SMLdglon", "type": "double", "units": "degrees", "fill": "999999.0", "desc": "SML Dark indice geographic longitude"},
	{"name": "SMLdstid", "type": "string", "units": null, "length": 3, "fill": "n/a", "desc": "IAGA station codes of the stations used to compute the SML Dark indice"},
	{"name": "SMUd", "type": "double", "units": "nT", "fill": "999999.0", "desc": "SMU Dark indice"},
	{"name": "SMUdmlat", "type": "double", "units": "degrees", "fill": "999999.0", "desc": "SMU Dark indice magnetic latitude"},
	{"name": "SMUdmlt", "type": "double", "units": "degrees", "fill": "999999.0", "desc": "SMU Dark indice magnetic longitude"},
	{"name": "SMUdglat", "type": "double", "units": "degrees", "fill": "999999.0", "desc": "SMU Dark indice geographic latitude"},
	{"name": "SMUdglon", "type": "double", "units": "degrees", "fill": "999999.0", "desc": "SMU Dark indice geographic longitude"},
	{"name": "SMUdstid", "type": "string", "units": null, "length": 3, "fill": "n/a", "desc": "IAGA station codes of the stations used to compute the SMU Dark indice"},
	{"name": "NUMd", "type": "double", "units": "nT", "fill": "999999.0", "desc": "Number of stations used to compute the Dark SME indices"},
	{"name": "SMEr", "type": "double", "units": "nT", "size": [24], "fill": "999999.0", "desc": "Regional SME indice"},
	{"name": "SMLr", "type": "double", "units": "nT", "size": [24], "fill": "999999.0", "desc": "Regional SML indice"},
	{"name": "SMLrmlat", "type": "double", "units": "degrees", "size": [24], "fill": "999999.0", "desc": "Regional SML indice magnetic latitude"},
	{"name": "SMLrmlt", "type": "double", "units": "degrees", "size": [24], "fill": "999999.0", "desc": "Regional SML indice magnetic longitude"},
	{"name": "SMLrglat", "type": "double", "units": "degrees", "size": [24], "fill": "999999.0", "desc": "Regional SML indice geographic latitude"},
	{"name": "SMLrglon", "type": "double", "units": "degrees", "size": [24], "fill": "999999.0", "desc": "Regional SML indice geographic longitude"},
	{"name": "SMLrstid", "type": "string", "units": null, "length": 3, "size": [24], "fill": "n/a", "desc": "IAGA station codes of the stations used to compute the regional SML indice"},
	{"name": "SMUr", "type": "double", "units": "nT", "size": [24], "fill": "999999.0", "desc": "Regional SMU indice"},
	{"name": "SMUrmlat", "type": "double", "units": "degrees", "size": [24], "fill": "999999.0", "Regional SMU indice magnetic latitude": "tbd"},
	{"name": "SMUrmlt", "type": "double", "units": "degrees", "size": [24], "fill": "999999.0", "desc": "Regional SMU indice magnetic longitude"},
	{"name": "SMUrglat", "type": "double", "units": "degrees", "size": [24], "fill": "999999.0", "desc": "Regional SMU indice geographic latitude"},
	{"name": "SMUrglon", "type": "double", "units": "degrees", "size": [24], "fill": "999999.0", "desc": "Regional SMU indice geographic longitude"},
	{"name": "SMUrstid", "type": "string", "units": null, "length": 3, "size": [24], "fill": "n/a", "desc": "IAGA station codes of the stations used to compute the regional SMU indice"},
	{"name": "NUMr", "type": "double", "units": "nT", "size": [24], "fill": "999999.0", "desc": "Number of stations used to compute the Regional SME indice"},
	{"name": "smr", "type": "double", "units": "nT", "fill": "999999.0", "desc": "the SMR indice"},
	{"name": "smrnum", "type": "double", "units": "", "size": [4], "fill": "999999.0", "desc": "Number of stations used to compute the SMR indices, as arrays smrnum00, smrnum06, smrnum12, smrnum18"},
	{"name": "ltsmr", "type": "double", "units": "nT", "size": [4], "fill": "999999.0", "desc": "SMR LT indices as arrays smr00, smr06, smr12, smr18"},
	{"name": "ltnum", "type": "double", "units": "", "size": [4], "fill": "999999.0", "desc": "number of stations used to compute the SMR LTN indices, as arrays smrnum00, smrnum06, smrnum12, smrnum18"},
	{"name": "bgse", "type": "double", "units": "nT", "size": [3], "fill": "999999.0", "desc": "Solar Wind B field (GSE)"},
	{"name": "bgsm", "type": "double", "units": "nT", "size": [3], "fill": "999999.0", "desc": "Solar Wind B field (GSM)"},
	{"name": "vgse", "type": "double", "units": "nT", "size": [3], "fill": "999999.0", "desc": "Solar WInd V (GSE)"},
	{"name": "vgsm", "type": "double", "units": "nT", "size": [3], "fill": "999999.0", "desc": "Solar Wind V (GSM)"},
	{"name": "clockgse", "type": "double", "units": "degrees", "fill": "999999.0", "desc": "IMG Clock Angle (GSE)"},
	{"name": "clockgsm", "type": "double", "units": "degrees", "fill": "999999.0", "desc": "IMF Clock Angle (GSM)"},
	{"name": "density", "type": "double", "units": "mA/cm^2", "fill": "999999.0", "desc": "Solar Wind Plasma Density"},
	{"name": "pdyn", "type": "double", "units": "mA/cm^2", "fill": "999999.0", "desc": "Solar Wind Dynamic Pressure"},
	{"name": "epsilon", "type": "double", "units": "GW", "fill": "999999.0", "desc": "Solar Wind ε"},
	{"name": "newell", "type": "double", "units": "Wb/s", "fill": "999999.0", "desc": "Solar Wind Newell parameter"}
    ],
    "startDate": "1975-01-01T00:00Z",
    "stopDate": "lastday-P1D",
    "sampleStartDate": "2018-01-18T00:00Z",
    "sampleStopDate": "2018-01-19T00:00Z",
    "cadence": "PT1M",
    "citation": "https://supermag.jhuapl.edu/info/?page=rulesoftheroad",
    "description": "The SuperMAG data processing technique, J. W. Gjerloev, https://doi.org/10.1029/2012JA017683\n  This data taken from the Python API, https://supermag.jhuapl.edu/mag/?tab=api&fidelity=low"
}
