{
    "HAPI": "3.2",
    "status": {
        "code": 1200,
        "message": "OK request successful"
    },
    "parameters": [
        {
            "length": 24,
            "name": "Time",
            "type": "isotime",
            "units": "UTC",
            "fill": null
        },
	{"name": "smr", "type": "double", "units": "nT", "fill": "999999.0", "desc": "the SMR indice"},
	{"name": "smrnum", "type": "double", "units": "", "size": [4], "fill": "999999.0", "desc": "Number of stations used to compute the SMR indices, as arrays smrnum00, smrnum06, smrnum12, smrnum18"},
	{"name": "ltsmr", "type": "double", "units": "nT", "size": [4], "fill": "999999.0", "desc": "SMR LT indices as arrays smr00, smr06, smr12, smr18"},
	{"name": "ltnum", "type": "double", "units": "", "size": [4], "fill": "999999.0", "desc": "number of stations used to compute the SMR LTN indices, as arrays smrnum00, smrnum06, smrnum12, smrnum18"},
	{"name": "bgse", "type": "double", "units": "nT", "size": [3], "fill": "999999.0", "desc": "Solar Wind B field (GSE)"},
	{"name": "bgsm", "type": "double", "units": "nT", "size": [3], "fill": "999999.0", "desc": "Solar Wind B field (GSM)"},
	{"name": "vgse", "type": "double", "units": "nT", "size": [3], "fill": "999999.0", "desc": "Solar WInd V (GSE)"},
	{"name": "vgsm", "type": "double", "units": "nT", "size": [3], "fill": "999999.0", "desc": "Solar Wind V (GSM)"},
	{"name": "clockgse", "type": "double", "units": "degrees", "fill": "999999.0", "desc": "IMG Clock Angle (GSE)"},
	{"name": "clockgsm", "type": "double", "units": "degrees", "fill": "999999.0", "desc": "IMF Clock Angle (GSM)"},
	{"name": "density", "type": "double", "units": "mA/cm^2", "fill": "999999.0", "desc": "Solar Wind Plasma Density"},
	{"name": "pdyn", "type": "double", "units": "mA/cm^2", "fill": "999999.0", "desc": "Solar Wind Dynamic Pressure"},
	{"name": "epsilon", "type": "double", "units": "GW", "fill": "999999.0", "desc": "Solar Wind ε"},
	{"name": "newell", "type": "double", "units": "Wb/s", "fill": "999999.0", "desc": "Solar Wind Newell parameter"}
	
    ],
    "startDate": "1975-01-01T00:00Z",
    "stopDate": "lastday-P1D",
    "sampleStartDate": "2018-01-18T00:00Z",
    "sampleStopDate": "2018-01-19T00:00Z",
    "cadence": "PT1M",
    "citation": "https://supermag.jhuapl.edu/info/?page=rulesoftheroad",
    "description": "The SuperMAG data processing technique, J. W. Gjerloev, https://doi.org/10.1029/2012JA017683\n  This data taken from the Python API, https://supermag.jhuapl.edu/mag/?tab=api&fidelity=low"
}
