{
    "HAPI": "2.0",
    "status": {
        "code": 1200,
        "message": "OK request successful"
    },
    "parameters": [
        {
            "length": 24,
            "name": "Time",
            "type": "isotime",
            "units": "UTC",
            "fill": null
        },
	{"name": "smr", "type": "double", "units": "nT", "fill": "999999.0"},
	{"name": "smrnum", "type": "double", "units": "nT", "fill": "999999.0"},
	{"name": "ltnum", "type": "double", "units": "nT", "size": [4], "fill": "999999.0"},
	{"name": "bgse", "type": "double", "units": "nT", "size": [3], "fill": "999999.0"},
	{"name": "bgsm", "type": "double", "units": "nT", "size": [3], "fill": "999999.0"},
	{"name": "vgse", "type": "double", "units": "nT", "size": [3], "fill": "999999.0"},
	{"name": "vgsm", "type": "double", "units": "nT", "size": [3], "fill": "999999.0"},
	{"name": "clockgse", "type": "double", "units": "degrees", "fill": "999999.0"},
	{"name": "clockgsm", "type": "double", "units": "degrees", "fill": "999999.0"},
	{"name": "density", "type": "double", "units": "mA/cm^2", "fill": "999999.0"},
	{"name": "pdyn", "type": "double", "units": "mA/cm^2", "fill": "999999.0"},
	{"name": "epsilon", "type": "double", "units": "GW", "fill": "999999.0"},
	{"name": "newell", "type": "double", "units": "Wb/s", "fill": "999999.0"}
    ],
    "startDate": "1975-01-01T00:00Z",
    "stopDate": "lastday-P1D",
    "sampleStartDate": "2018-01-18T00:00Z",
    "sampleStopDate": "2018-01-19T00:00Z",
    "cadence": "PT1M"
}
