{
    "HAPI": "2.0",
    "status": {
        "code": 1200,
        "message": "OK request successful"
    },
    "parameters": [
        {
            "length": 24,
            "name": "Time",
            "type": "isotime",
            "fill": null,            
            "units": "UTC"
        },
        {"name": "SME", "type": "double", "units": "nT", "fill": "999999.0"},
        {"name": "SML", "type": "double", "units": "nT", "fill": "999999.0"},
        {"name": "SMU", "type": "double", "units": "nT", "fill": "999999.0"},
        {"name": "MLAT", "type": "double", "units": "degrees", "fill": "999999.0"},
        {"name": "MLT", "type": "double", "units": "degrees", "fill": "999999.0"},
        {"name": "GLAT", "type": "double", "units": "degrees", "fill": "999999.0"},
        {"name": "GLON", "type": "double", "units": "degrees", "fill": "999999.0"},
	{"name": "STID", "type": "string", "units": "TLA", "fill": "", "length": "3"},
        {"name": "NUM", "type": "integer", "units": "number of stations", "fill": ""}

    ],
    "startDate": "1975-01-01T00:00Z",
    "stopDate": "lastday-P1D",
    "sampleStartDate": "2018-01-18T00:00Z",
    "sampleStopDate": "2018-01-19T00:00Z",
    "cadence": "PT1M"
}
