{
    "HAPI": "2.0",
    "status": {
        "code": 1200,
        "message": "OK request successful"
    },
    "modificationDate": "lastday",
    "parameters": [
        {
            "length": 24,
            "name": "Time",
            "type": "isotime",
            "fill": null,            
            "units": "UTC"
        },
        {
            "description": "temperature of garden house pool",
            "fill": "-1e31",
            "name": "Temperature",
            "type": "double",
            "units": "deg F"
        }
    ],
    "startDate": "2012-01-09T00:00Z",
    "stopDate": "2018-01-22T00:00Z",
    "sampleStartDate": "2018-01-17T00:00Z",
    "sampleStopDate": "2018-01-19T00:00Z",
    "cadence": "PT1M"
}
